Priorité;Vacation;00:00:00;00:15:00;00:30:00;00:45:00;01:00:00;01:15:00;01:30:00;01:45:00;02:00:00;02:15:00;02:30:00;02:45:00;03:00:00;03:15:00;03:30:00;03:45:00;04:00:00;04:15:00;04:30:00;04:45:00;05:00:00;05:15:00;05:30:00;05:45:00;06:00:00;06:15:00;06:30:00;06:45:00;07:00:00;07:15:00;07:30:00;07:45:00;08:00:00;08:15:00;08:30:00;08:45:00;09:00:00;09:15:00;09:30:00;09:45:00;10:00:00;10:15:00;10:30:00;10:45:00;11:00:00;11:15:00;11:30:00;11:45:00;12:00:00;12:15:00;12:30:00;12:45:00;13:00:00;13:15:00;13:30:00;13:45:00;14:00:00;14:15:00;14:30:00;14:45:00;15:00:00;15:15:00;15:30:00;15:45:00;16:00:00;16:15:00;16:30:00;16:45:00;17:00:00;17:15:00;17:30:00;17:45:00;18:00:00;18:15:00;18:30:00;18:45:00;19:00:00;19:15:00;19:30:00;19:45:00;20:00:00;20:15:00;20:30:00;20:45:00;21:00:00;21:15:00;21:30:00;21:45:00;22:00:00;22:15:00;22:30:00;22:45:00;23:00:00;23:15:00;23:30:00;23:45:00
M#01;MC;;;;;;;;;;;;;;;;;;;;;;;;;;;C;C;C;C;C;C;C;C;C;C;C;C;C;C;C;C;C;C;R;R;R;R;C;C;C;C;;;;;;;;;;;;;;;;;;;;;;;;;;;;;;;;;;;;;;;;;;;;
M#02;M1#01;;;;;;;;;;;;;;;;;;;;;;;;;;;1;1;1;1;1;1;P;P;1;1;1;1;1;1;1;1;1;1;R;R;R;R;1;1;1;1;P;P;1;1;1;1;;;;;;;;;;;;;;;;;;;;;;;;;;;;;;;;;;;;;;
M#03;M2#01;;;;;;;;;;;;;;;;;;;;;;;;;;;;;1;1;1;1;1;1;1;1;1;1;P;P;1;1;1;1;1;1;1;1;R;R;R;R;1;1;P;P;1;1;1;1;;;;;;;;;;;;;;;;;;;;;;;;;;;;;;;;;;;;
M#04;M3#01;;;;;;;;;;;;;;;;;;;;;;;;;;;;;;;;;;;1;1;1;1;P;P;1;1;1;1;R;R;R;R;1;1;1;1;1;1;1;1;P;P;P;P;1;1;1;1;1;1;;;;;;;;;;;;;;;;;;;;;;;;;;;;;;
M#05;M1#02;;;;;;;;;;;;;;;;;;;;;;;;;;;1;1;1;1;1;1;1;1;P;P;1;1;1;1;1;1;1;1;R;R;R;R;1;1;1;1;P;P;1;1;1;1;;;;;;;;;;;;;;;;;;;;;;;;;;;;;;;;;;;;;;
M#06;M2#02;;;;;;;;;;;;;;;;;;;;;;;;;;;;;1;1;1;1;1;1;1;1;1;1;P;P;1;1;1;1;1;1;1;1;R;R;R;R;1;1;P;P;1;1;1;1;;;;;;;;;;;;;;;;;;;;;;;;;;;;;;;;;;;;
M#07;M3#02;;;;;;;;;;;;;;;;;;;;;;;;;;;;;;;;;;;1;1;1;1;1;1;1;1;1;1;R;R;R;R;1;1;1;1;1;1;1;1;P;P;P;P;1;1;1;1;1;1;;;;;;;;;;;;;;;;;;;;;;;;;;;;;;
M#08;M2#03;;;;;;;;;;;;;;;;;;;;;;;;;;;;;1;1;1;1;1;1;1;1;1;1;P;P;1;1;1;1;1;1;1;1;R;R;R;R;1;1;P;P;1;1;1;1;;;;;;;;;;;;;;;;;;;;;;;;;;;;;;;;;;;;
M#09;M3#02;;;;;;;;;;;;;;;;;;;;;;;;;;;;;;;;;;;1;1;1;1;1;1;1;1;1;1;R;R;R;R;1;1;1;1;1;1;1;1;P;P;P;P;1;1;1;1;1;1;;;;;;;;;;;;;;;;;;;;;;;;;;;;;;
J#01;JC;;;;;;;;;;;;;;;;;;;;;;;;;;;;;;;;;;;;;;;;;;;;;C;C;C;C;R;R;R;R;C;C;C;C;C;C;C;C;C;C;C;C;C;C;C;C;C;C;C;C;C;C;C;C;C;C;;;;;;;;;;;;;;;;;;
J#02;J2#01;;;;;;;;;;;;;;;;;;;;;;;;;;;;;;;;;;;;;;;;;;;;;1;1;1;1;1;1;1;1;R;R;R;R;1;1;1;1;P;P;1;1;1;1;1;1;1;1;1;1;P;P;P;P;1;1;1;1;1;1;1;1;;;;;;;;;;;;
J#03;J1#01;;;;;;;;;;;;;;;;;;;;;;;;;;;;;;;;;;;;;;;1;1;1;1;1;1;1;1;1;1;R;R;R;R;1;1;1;1;1;1;P;P;1;1;1;1;1;1;P;P;P;P;1;1;1;1;1;1;1;1;;;;;;;;;;;;;;;;;;
J#04;J1#02;;;;;;;;;;;;;;;;;;;;;;;;;;;;;;;;;;;;;;;1;1;1;1;1;1;1;1;1;1;R;R;R;R;1;1;1;1;1;1;P;P;1;1;1;1;1;1;P;P;P;P;1;1;1;1;1;1;1;1;;;;;;;;;;;;;;;;;;
J#05;J1#03;;;;;;;;;;;;;;;;;;;;;;;;;;;;;;;;;;;;;;;1;1;1;1;1;1;1;1;1;1;R;R;R;R;1;1;1;1;1;1;1;1;P;P;P;P;1;1;1;1;1;1;P;P;1;1;1;1;1;1;;;;;;;;;;;;;;;;;;
J#06;J2#02;;;;;;;;;;;;;;;;;;;;;;;;;;;;;;;;;;;;;;;;;;;;;1;1;1;1;1;1;1;1;R;R;R;R;1;1;1;1;P;P;1;1;1;1;1;1;1;1;1;1;P;P;P;P;1;1;1;1;1;1;1;1;;;;;;;;;;;;
J#07;J2#03;;;;;;;;;;;;;;;;;;;;;;;;;;;;;;;;;;;;;;;;;;;;;1;1;1;1;1;1;1;1;R;R;R;R;1;1;1;1;1;1;P;P;1;1;1;1;1;1;1;1;P;P;P;P;1;1;1;1;1;1;1;1;;;;;;;;;;;;
J#08;J1#04;;;;;;;;;;;;;;;;;;;;;;;;;;;;;;;;;;;;;;;1;1;1;1;1;1;1;1;1;1;R;R;R;R;1;1;1;1;1;1;1;1;P;P;P;P;1;1;1;1;1;1;P;P;1;1;1;1;1;1;;;;;;;;;;;;;;;;;;
J#09;J2#04;;;;;;;;;;;;;;;;;;;;;;;;;;;;;;;;;;;;;;;;;;;;;1;1;1;1;1;1;1;1;R;R;R;R;1;1;1;1;1;1;P;P;1;1;1;1;1;1;1;1;P;P;P;P;1;1;1;1;1;1;1;1;;;;;;;;;;;;
S#01;NC;C;C;C;C;P;P;P;P;P;P;P;P;P;P;C;C;C;C;C;C;C;C;C;C;C;C;;;;;;;;;;;;;;;;;;;;;;;;;;;;;;;;;;;;;;;;;;;;;;;;;;;;;C;C;C;C;C;C;C;C;C;C;C;C;C;C;C;C;C;C
S#02;N#01;1;1;1;1;1;1;1;1;1;1;P;P;P;P;P;P;P;P;P;P;1;1;P;P;1;1;;;;;;;;;;;;;;;;;;;;;;;;;;;;;;;;;;;;;;;;;;;;;;;;;;;;;1;1;1;1;R;R;R;R;P;P;1;1;1;1;P;P;P;P
S#03;N#02;P;P;P;P;P;P;P;P;P;P;1;1;1;1;1;1;1;1;1;1;P;P;1;1;1;1;;;;;;;;;;;;;;;;;;;;;;;;;;;;;;;;;;;;;;;;;;;;;;;;;;;;;1;1;1;1;R;R;R;R;P;P;1;1;1;1;1;1;1;1
S#04;S2#01;;;;;;;;;;;;;;;;;;;;;;;;;;;;;;;;;;;;;;;;;;;;;;;;;;;;;;;;;;;;;1;1;1;1;1;1;1;1;1;P;P;P;1;1;1;1;1;1;1;1;1;1;R;R;R;R;P;P;1;1;1;1;1;1;1;1
S#05;S2#02;;;;;;;;;;;;;;;;;;;;;;;;;;;;;;;;;;;;;;;;;;;;;;;;;;;;;;;;;;;;;1;1;1;1;1;1;1;1;1;P;P;P;1;1;1;1;1;1;1;1;1;1;R;R;R;R;P;P;1;1;1;1;1;1;1;1
S#06;S1#01;;;;;;;;;;;;;;;;;;;;;;;;;;;;;;;;;;;;;;;;;;;;;;;;;1;1;1;1;1;1;1;1;P;P;1;1;1;1;1;1;P;P;1;1;1;1;1;1;1;1;1;1;R;R;R;R;P;P;1;1;1;1;1;1;;;;;;;;
S#07;S1#02;;;;;;;;;;;;;;;;;;;;;;;;;;;;;;;;;;;;;;;;;;;;;;;;;1;1;1;1;1;1;1;1;P;P;1;1;1;1;1;1;P;P;1;1;1;1;1;1;1;1;1;1;R;R;R;R;P;P;1;1;1;1;1;1;;;;;;;;
S#08;S1#03;;;;;;;;;;;;;;;;;;;;;;;;;;;;;;;;;;;;;;;;;;;;;;;;;1;1;1;1;1;1;1;1;P;P;1;1;1;1;1;1;P;P;1;1;1;1;1;1;1;1;1;1;R;R;R;R;P;P;1;1;1;1;1;1;;;;;;;;
